Version,Traits,From,To,Feature,Remove Version
0.1.5,RNew URNew,LGLSXP,bool,default,
0.1.5,RNew URNew,INTSXP,u64,default,
0.1.5,RNew URNew,INTSXP,u32,default,
0.1.5,RNew URNew,INTSXP,u16,default,
0.1.5,RNew URNew,INTSXP,i64,default,
0.1.5,RNew URNew,INTSXP,i32,default,
0.1.5,RNew URNew,INTSXP,i16,default,
0.1.5,RNew URNew,INTSXP,i8,default,
0.1.5,RNew URNew,INTSXP,usize,default,
0.1.5,RNew URNew,INTSXP,isize,default,
0.1.5,RNew URNew,REALSXP,f64,default,
0.1.5,RNew URNew,REALSXP,f32,default,
0.1.5,RNew URNew,INTSXP RAWSXP,u8,default,
0.1.5,RNew URNew,INTSXP,Vec<u64>,default,
0.1.5,RNew URNew,INTSXP,Vec<u32>,default,
0.1.5,RNew URNew,INTSXP,Vec<u16>,default,
0.1.5,RNew URNew,INTSXP,Vec<i64>,default,
0.1.5,RNew URNew,INTSXP,Vec<i32>,default,
0.1.5,RNew URNew,INTSXP,Vec<i16>,default,
0.1.5,RNew URNew,INTSXP,Vec<i8>,default,
0.1.5,RNew URNew,INTSXP,Vec<usize>,default,
0.1.5,RNew URNew,INTSXP,Vec<isize>,default,
0.1.5,RNew URNew,REALSXP,Vec<f64>,default,
0.1.5,RNew URNew,REALSXP,Vec<f32>,default,
0.1.5,RNew URNew,INTSXP,BinaryHeap<u64>,default,
0.1.5,RNew URNew,INTSXP,BinaryHeap<u32>,default,
0.1.5,RNew URNew,INTSXP,BinaryHeap<u16>,default,
0.1.5,RNew URNew,INTSXP,BinaryHeap<i64>,default,
0.1.5,RNew URNew,INTSXP,BinaryHeap<i32>,default,
0.1.5,RNew URNew,INTSXP,BinaryHeap<i16>,default,
0.1.5,RNew URNew,INTSXP,BinaryHeap<i8>,default,
0.1.5,RNew URNew,INTSXP,BinaryHeap<usize>,default,
0.1.5,RNew URNew,INTSXP,BinaryHeap<isize>,default,
0.1.5,RNew URNew,INTSXP,HashSet<u64>,default,
0.1.5,RNew URNew,INTSXP,HashSet<u32>,default,
0.1.5,RNew URNew,INTSXP,HashSet<u16>,default,
0.1.5,RNew URNew,INTSXP,HashSet<i64>,default,
0.1.5,RNew URNew,INTSXP,HashSet<i32>,default,
0.1.5,RNew URNew,INTSXP,HashSet<i16>,default,
0.1.5,RNew URNew,INTSXP,HashSet<i8>,default,
0.1.5,RNew URNew,INTSXP,HashSet<usize>,default,
0.1.5,RNew URNew,INTSXP,HashSet<isize>,default,
0.1.5,RNew URNew,INTSXP,VecDeque<u64>,default,
0.1.5,RNew URNew,INTSXP,VecDeque<u32>,default,
0.1.5,RNew URNew,INTSXP,VecDeque<u16>,default,
0.1.5,RNew URNew,INTSXP,VecDeque<i64>,default,
0.1.5,RNew URNew,INTSXP,VecDeque<i32>,default,
0.1.5,RNew URNew,INTSXP,VecDeque<i16>,default,
0.1.5,RNew URNew,INTSXP,VecDeque<i8>,default,
0.1.5,RNew URNew,INTSXP,VecDeque<usize>,default,
0.1.5,RNew URNew,INTSXP,VecDeque<isize>,default,
0.1.5,RNew URNew,REALSXP,VecDeque<f64>,default,
0.1.5,RNew URNew,REALSXP,VecDeque<f32>,default,
0.1.5,RNew URNew,LGLSXP,Vec<bool>,default,
0.1.5,RNew URNew,LGLSXP,BinaryHeap<bool>,default,
0.1.5,RNew URNew,LGLSXP,HashSet<bool>,default,
0.1.5,RNew URNew,LGLSXP,VecDeque<bool>,default,
0.1.5,RNew URNew,INTSXP RAWSXP,Vec<u8>,default,
0.1.5,RNew URNew,INTSXP RAWSXP,BinaryHeap<u8>,default,
0.1.5,RNew URNew,INTSXP RAWSXP,HashSet<u8>,default,
0.1.5,RNew URNew,INTSXP RAWSXP,VecDeque<u8>,default,
0.1.5,RNew URNew,INTSXP,LinkedList<u64>,default,
0.1.5,RNew URNew,INTSXP,LinkedList<u32>,default,
0.1.5,RNew URNew,INTSXP,LinkedList<u16>,default,
0.1.5,RNew URNew,INTSXP,LinkedList<i64>,default,
0.1.5,RNew URNew,INTSXP,LinkedList<i32>,default,
0.1.5,RNew URNew,INTSXP,LinkedList<i16>,default,
0.1.5,RNew URNew,INTSXP,LinkedList<i8>,default,
0.1.5,RNew URNew,INTSXP,LinkedList<usize>,default,
0.1.5,RNew URNew,INTSXP,LinkedList<isize>,default,
0.1.5,RNew URNew,REALSXP,LinkedList<f64>,default,
0.1.5,RNew URNew,REALSXP,LinkedList<f32>,default,
0.1.5,RNew URNew,INTSXP,BTreeSet<u64>,default,
0.1.5,RNew URNew,INTSXP,BTreeSet<u32>,default,
0.1.5,RNew URNew,INTSXP,BTreeSet<u16>,default,
0.1.5,RNew URNew,INTSXP,BTreeSet<i64>,default,
0.1.5,RNew URNew,INTSXP,BTreeSet<i32>,default,
0.1.5,RNew URNew,INTSXP,BTreeSet<i16>,default,
0.1.5,RNew URNew,INTSXP,BTreeSet<i8>,default,
0.1.5,RNew URNew,INTSXP,BTreeSet<usize>,default,
0.1.5,RNew URNew,INTSXP,BTreeSet<isize>,default,
0.1.5,RNew URNew,LGLSXP,LinkedList<bool>,default,
0.1.5,RNew URNew,LGLSXP,BTreeSet<bool>,default,
0.1.5,RNew URNew,INTSXP RAWSXP,LinkedList<u8>,default,
0.1.5,RNew URNew,INTSXP RAWSXP,BTreeSet<u8>,default,
0.1.5,RNew,VECSXP,"<D:RNew>HashMap<String,D>",default,
0.1.5,RNew,VECSXP,"<D:RNew>HashMap<CString,D>",default,
0.1.5,RNew,VECSXP,"<D:RNew>BTreeMap<String,D>",default,
0.1.5,RNew,VECSXP,"<D:RNew>BTreeMap<CString,D>",default,
0.1.5,RNew URNew,STRSXP,CString,default,
0.1.5,RNew,STRSXP,String,default,
0.1.5,RNew URNew,STRSXP,Vec<CString>,default,
0.1.5,RNew,STRSXP,Vec<String>,default,
0.1.5,RNew URNew,STRSXP,VecDeque<CString>,default,
0.1.5,RNew,STRSXP,VecDeque<String>,default,
0.1.5,RNew URNew,STRSXP,BinaryHeap<CString>,default,
0.1.5,RNew,STRSXP,BinaryHeap<String>,default,
0.1.5,RNew URNew,STRSXP,HashSet<CString>,default,
0.1.5,RNew,STRSXP,HashSet<String>,default,
0.1.5,RNew URNew,STRSXP,BTreeSet<CString>,default,
0.1.5,RNew,STRSXP,BTreeSet<String>,default,
0.1.5,RNew URNew,STRSXP,LinkedList<CString>,default,
0.1.5,RNew,STRSXP,LinkedList<String>,default,
0.1.5,RNew URNew,SEXP,SEXP,default,
0.1.5,RNew,LANGSXP EXPRSXP VECSXP,RFmlM<T>,default,
0.1.5,RNew,EXTPTRSXP,"RPtrM<Obj,T>",default,
0.1.5,RNew,WEAKREFSXP,"RWeakM<Obj,T>",default,
0.1.5,RNew URNew,REALSXP,NumVecM<T>,default,
0.1.5,RNew URNew,INTSXP,IntVecM<T>,default,
0.1.5,RNew URNew,BOOLSXP,BoolVecM<T>,default,
0.1.5,RNew URNew,RAWSXP,RawVecM<T>,default,
0.1.5,RNew URNew,CPLXSXP,CplVecM<T>,default,
0.1.5,RNew URNew,STRSXP,CharVecM<T>,default,
0.1.5,RNew URNew,VECSXP,RListM<T>,default,
0.1.5,RNew URNew,EXPRSXP,ExprVecM<T>,default,
0.1.5,RNew,CLOSXP SPECIALSXP BUILTINSXP,RFunM<T>,default,
0.1.5,RNew URNew,INTSXP,DVec<u64>,nalgebra,
0.1.5,RNew URNew,INTSXP,DVec<u32>,nalgebra,
0.1.5,RNew URNew,INTSXP,DVec<u16>,nalgebra,
0.1.5,RNew URNew,INTSXP,DVec<i64>,nalgebra,
0.1.5,RNew URNew,INTSXP,DVec<i32>,nalgebra,
0.1.5,RNew URNew,INTSXP,DVec<i16>,nalgebra,
0.1.5,RNew URNew,INTSXP,DVec<i8>,nalgebra,
0.1.5,RNew URNew,INTSXP,DVec<usize>,nalgebra,
0.1.5,RNew URNew,INTSXP,DVec<isize>,nalgebra,
0.1.5,RNew URNew,REALSXP,DVec<f64>,nalgebra,
0.1.5,RNew URNew,REALSXP,DVec<f32>,nalgebra,
0.1.5,RNew URNew,INTSXP RAWSXP,DVec<u8>,nalgebra,
0.1.5,RNew URNew,INTSXP,Vec1<u64>,nalgebra,
0.1.5,RNew URNew,INTSXP,Vec1<u32>,nalgebra,
0.1.5,RNew URNew,INTSXP,Vec1<u16>,nalgebra,
0.1.5,RNew URNew,INTSXP,Vec1<i64>,nalgebra,
0.1.5,RNew URNew,INTSXP,Vec1<i32>,nalgebra,
0.1.5,RNew URNew,INTSXP,Vec1<i16>,nalgebra,
0.1.5,RNew URNew,INTSXP,Vec1<i8>,nalgebra,
0.1.5,RNew URNew,INTSXP,Vec1<usize>,nalgebra,
0.1.5,RNew URNew,INTSXP,Vec1<isize>,nalgebra,
0.1.5,RNew URNew,REALSXP,Vec1<f64>,nalgebra,
0.1.5,RNew URNew,REALSXP,Vec1<f32>,nalgebra,
0.1.5,RNew URNew,INTSXP,Vec2<u64>,nalgebra,
0.1.5,RNew URNew,INTSXP,Vec2<u32>,nalgebra,
0.1.5,RNew URNew,INTSXP,Vec2<u16>,nalgebra,
0.1.5,RNew URNew,INTSXP,Vec2<i64>,nalgebra,
0.1.5,RNew URNew,INTSXP,Vec2<i32>,nalgebra,
0.1.5,RNew URNew,INTSXP,Vec2<i16>,nalgebra,
0.1.5,RNew URNew,INTSXP,Vec2<i8>,nalgebra,
0.1.5,RNew URNew,INTSXP,Vec2<usize>,nalgebra,
0.1.5,RNew URNew,INTSXP,Vec2<isize>,nalgebra,
0.1.5,RNew URNew,REALSXP,Vec2<f64>,nalgebra,
0.1.5,RNew URNew,REALSXP,Vec2<f32>,nalgebra,
0.1.5,RNew URNew,INTSXP,Vec3<u64>,nalgebra,
0.1.5,RNew URNew,INTSXP,Vec3<u32>,nalgebra,
0.1.5,RNew URNew,INTSXP,Vec3<u16>,nalgebra,
0.1.5,RNew URNew,INTSXP,Vec3<i64>,nalgebra,
0.1.5,RNew URNew,INTSXP,Vec3<i32>,nalgebra,
0.1.5,RNew URNew,INTSXP,Vec3<i16>,nalgebra,
0.1.5,RNew URNew,INTSXP,Vec3<i8>,nalgebra,
0.1.5,RNew URNew,INTSXP,Vec3<usize>,nalgebra,
0.1.5,RNew URNew,INTSXP,Vec3<isize>,nalgebra,
0.1.5,RNew URNew,REALSXP,Vec3<f64>,nalgebra,
0.1.5,RNew URNew,REALSXP,Vec3<f32>,nalgebra,
0.1.5,RNew URNew,INTSXP,Vec4<u64>,nalgebra,
0.1.5,RNew URNew,INTSXP,Vec4<u32>,nalgebra,
0.1.5,RNew URNew,INTSXP,Vec4<u16>,nalgebra,
0.1.5,RNew URNew,INTSXP,Vec4<i64>,nalgebra,
0.1.5,RNew URNew,INTSXP,Vec4<i32>,nalgebra,
0.1.5,RNew URNew,INTSXP,Vec4<i16>,nalgebra,
0.1.5,RNew URNew,INTSXP,Vec4<i8>,nalgebra,
0.1.5,RNew URNew,INTSXP,Vec4<usize>,nalgebra,
0.1.5,RNew URNew,INTSXP,Vec4<isize>,nalgebra,
0.1.5,RNew URNew,REALSXP,Vec4<f64>,nalgebra,
0.1.5,RNew URNew,REALSXP,Vec4<f32>,nalgebra,
0.1.5,RNew URNew,INTSXP,Vec5<u64>,nalgebra,
0.1.5,RNew URNew,INTSXP,Vec5<u32>,nalgebra,
0.1.5,RNew URNew,INTSXP,Vec5<u16>,nalgebra,
0.1.5,RNew URNew,INTSXP,Vec5<i64>,nalgebra,
0.1.5,RNew URNew,INTSXP,Vec5<i32>,nalgebra,
0.1.5,RNew URNew,INTSXP,Vec5<i16>,nalgebra,
0.1.5,RNew URNew,INTSXP,Vec5<i8>,nalgebra,
0.1.5,RNew URNew,INTSXP,Vec5<usize>,nalgebra,
0.1.5,RNew URNew,INTSXP,Vec5<isize>,nalgebra,
0.1.5,RNew URNew,REALSXP,Vec5<f64>,nalgebra,
0.1.5,RNew URNew,REALSXP,Vec5<f32>,nalgebra,
0.1.5,RNew URNew,INTSXP,Vec6<u64>,nalgebra,
0.1.5,RNew URNew,INTSXP,Vec6<u32>,nalgebra,
0.1.5,RNew URNew,INTSXP,Vec6<u16>,nalgebra,
0.1.5,RNew URNew,INTSXP,Vec6<i64>,nalgebra,
0.1.5,RNew URNew,INTSXP,Vec6<i32>,nalgebra,
0.1.5,RNew URNew,INTSXP,Vec6<i16>,nalgebra,
0.1.5,RNew URNew,INTSXP,Vec6<i8>,nalgebra,
0.1.5,RNew URNew,INTSXP,Vec6<usize>,nalgebra,
0.1.5,RNew URNew,INTSXP,Vec6<isize>,nalgebra,
0.1.5,RNew URNew,REALSXP,Vec6<f64>,nalgebra,
0.1.5,RNew URNew,REALSXP,Vec6<f32>,nalgebra,
0.1.5,RNew URNew,INTSXP RAWSXP,Vec1<u8>,nalgebra,
0.1.5,RNew URNew,INTSXP RAWSXP,Vec2<u8>,nalgebra,
0.1.5,RNew URNew,INTSXP RAWSXP,Vec3<u8>,nalgebra,
0.1.5,RNew URNew,INTSXP RAWSXP,Vec4<u8>,nalgebra,
0.1.5,RNew URNew,INTSXP RAWSXP,Vec5<u8>,nalgebra,
0.1.5,RNew URNew,INTSXP,Vec6<u8>,nalgebra,
0.1.5,RNew URNew,INTSXP,DVec1<u64>,nalgebra,
0.1.5,RNew URNew,INTSXP,DVec1<u32>,nalgebra,
0.1.5,RNew URNew,INTSXP,DVec1<u16>,nalgebra,
0.1.5,RNew URNew,INTSXP,DVec1<i64>,nalgebra,
0.1.5,RNew URNew,INTSXP,DVec1<i32>,nalgebra,
0.1.5,RNew URNew,INTSXP,DVec1<i16>,nalgebra,
0.1.5,RNew URNew,INTSXP,DVec1<i8>,nalgebra,
0.1.5,RNew URNew,INTSXP,DVec1<usize>,nalgebra,
0.1.5,RNew URNew,INTSXP,DVec1<isize>,nalgebra,
0.1.5,RNew URNew,REALSXP,DVec1<f64>,nalgebra,
0.1.5,RNew URNew,REALSXP,DVec1<f32>,nalgebra,
0.1.5,RNew URNew,INTSXP,DVec2<u64>,nalgebra,
0.1.5,RNew URNew,INTSXP,DVec2<u32>,nalgebra,
0.1.5,RNew URNew,INTSXP,DVec2<u16>,nalgebra,
0.1.5,RNew URNew,INTSXP,DVec2<i64>,nalgebra,
0.1.5,RNew URNew,INTSXP,DVec2<i32>,nalgebra,
0.1.5,RNew URNew,INTSXP,DVec2<i16>,nalgebra,
0.1.5,RNew URNew,INTSXP,DVec2<i8>,nalgebra,
0.1.5,RNew URNew,INTSXP,DVec2<usize>,nalgebra,
0.1.5,RNew URNew,INTSXP,DVec2<isize>,nalgebra,
0.1.5,RNew URNew,REALSXP,DVec2<f64>,nalgebra,
0.1.5,RNew URNew,REALSXP,DVec2<f32>,nalgebra,
0.1.5,RNew URNew,INTSXP,DVec3<u64>,nalgebra,
0.1.5,RNew URNew,INTSXP,DVec3<u32>,nalgebra,
0.1.5,RNew URNew,INTSXP,DVec3<u16>,nalgebra,
0.1.5,RNew URNew,INTSXP,DVec3<i64>,nalgebra,
0.1.5,RNew URNew,INTSXP,DVec3<i32>,nalgebra,
0.1.5,RNew URNew,INTSXP,DVec3<i16>,nalgebra,
0.1.5,RNew URNew,INTSXP,DVec3<i8>,nalgebra,
0.1.5,RNew URNew,INTSXP,DVec3<usize>,nalgebra,
0.1.5,RNew URNew,INTSXP,DVec3<isize>,nalgebra,
0.1.5,RNew URNew,REALSXP,DVec3<f64>,nalgebra,
0.1.5,RNew URNew,REALSXP,DVec3<f32>,nalgebra,
0.1.5,RNew URNew,INTSXP,DVec4<u64>,nalgebra,
0.1.5,RNew URNew,INTSXP,DVec4<u32>,nalgebra,
0.1.5,RNew URNew,INTSXP,DVec4<u16>,nalgebra,
0.1.5,RNew URNew,INTSXP,DVec4<i64>,nalgebra,
0.1.5,RNew URNew,INTSXP,DVec4<i32>,nalgebra,
0.1.5,RNew URNew,INTSXP,DVec4<i16>,nalgebra,
0.1.5,RNew URNew,INTSXP,DVec4<i8>,nalgebra,
0.1.5,RNew URNew,INTSXP,DVec4<usize>,nalgebra,
0.1.5,RNew URNew,INTSXP,DVec4<isize>,nalgebra,
0.1.5,RNew URNew,REALSXP,DVec4<f64>,nalgebra,
0.1.5,RNew URNew,REALSXP,DVec4<f32>,nalgebra,
0.1.5,RNew URNew,INTSXP,DVec5<u64>,nalgebra,
0.1.5,RNew URNew,INTSXP,DVec5<u32>,nalgebra,
0.1.5,RNew URNew,INTSXP,DVec5<u16>,nalgebra,
0.1.5,RNew URNew,INTSXP,DVec5<i64>,nalgebra,
0.1.5,RNew URNew,INTSXP,DVec5<i32>,nalgebra,
0.1.5,RNew URNew,INTSXP,DVec5<i16>,nalgebra,
0.1.5,RNew URNew,INTSXP,DVec5<i8>,nalgebra,
0.1.5,RNew URNew,INTSXP,DVec5<usize>,nalgebra,
0.1.5,RNew URNew,INTSXP,DVec5<isize>,nalgebra,
0.1.5,RNew URNew,REALSXP,DVec5<f64>,nalgebra,
0.1.5,RNew URNew,REALSXP,DVec5<f32>,nalgebra,
0.1.5,RNew URNew,INTSXP,DVec6<u64>,nalgebra,
0.1.5,RNew URNew,INTSXP,DVec6<u32>,nalgebra,
0.1.5,RNew URNew,INTSXP,DVec6<u16>,nalgebra,
0.1.5,RNew URNew,INTSXP,DVec6<i64>,nalgebra,
0.1.5,RNew URNew,INTSXP,DVec6<i32>,nalgebra,
0.1.5,RNew URNew,INTSXP,DVec6<i16>,nalgebra,
0.1.5,RNew URNew,INTSXP,DVec6<i8>,nalgebra,
0.1.5,RNew URNew,INTSXP,DVec6<usize>,nalgebra,
0.1.5,RNew URNew,INTSXP,DVec6<isize>,nalgebra,
0.1.5,RNew URNew,REALSXP,DVec6<f64>,nalgebra,
0.1.5,RNew URNew,REALSXP,DVec6<f32>,nalgebra,
0.1.5,RNew URNew,INTSXP RAWSXP,DVec1<u8>,nalgebra,
0.1.5,RNew URNew,INTSXP RAWSXP,DVec2<u8>,nalgebra,
0.1.5,RNew URNew,INTSXP RAWSXP,DVec3<u8>,nalgebra,
0.1.5,RNew URNew,INTSXP RAWSXP,DVec4<u8>,nalgebra,
0.1.5,RNew URNew,INTSXP RAWSXP,DVec5<u8>,nalgebra,
0.1.5,RNew URNew,INTSXP RAWSXP,DVec6<u8>,nalgebra,
0.1.5,RNew URNew,INTSXP,DMat<u64>,nalgebra,
0.1.5,RNew URNew,INTSXP,DMat<u32>,nalgebra,
0.1.5,RNew URNew,INTSXP,DMat<u16>,nalgebra,
0.1.5,RNew URNew,INTSXP,DMat<i64>,nalgebra,
0.1.5,RNew URNew,INTSXP,DMat<i32>,nalgebra,
0.1.5,RNew URNew,INTSXP,DMat<i16>,nalgebra,
0.1.5,RNew URNew,INTSXP,DMat<i8>,nalgebra,
0.1.5,RNew URNew,INTSXP,DMat<usize>,nalgebra,
0.1.5,RNew URNew,INTSXP,DMat<isize>,nalgebra,
0.1.5,RNew URNew,REALSXP,DMat<f64>,nalgebra,
0.1.5,RNew URNew,REALSXP,DMat<f32>,nalgebra,
0.1.5,RNew URNew,INTSXP RAWSXP,DMat<u8>,nalgebra,
0.1.5,RNew URNew,INTSXP,Mat1<u64>,nalgebra,
0.1.5,RNew URNew,INTSXP,Mat1<u32>,nalgebra,
0.1.5,RNew URNew,INTSXP,Mat1<u16>,nalgebra,
0.1.5,RNew URNew,INTSXP,Mat1<i64>,nalgebra,
0.1.5,RNew URNew,INTSXP,Mat1<i32>,nalgebra,
0.1.5,RNew URNew,INTSXP,Mat1<i16>,nalgebra,
0.1.5,RNew URNew,INTSXP,Mat1<i8>,nalgebra,
0.1.5,RNew URNew,INTSXP,Mat1<usize>,nalgebra,
0.1.5,RNew URNew,INTSXP,Mat1<isize>,nalgebra,
0.1.5,RNew URNew,REALSXP,Mat1<f64>,nalgebra,
0.1.5,RNew URNew,REALSXP,Mat1<f32>,nalgebra,
0.1.5,RNew URNew,INTSXP,Mat2<u64>,nalgebra,
0.1.5,RNew URNew,INTSXP,Mat2<u32>,nalgebra,
0.1.5,RNew URNew,INTSXP,Mat2<u16>,nalgebra,
0.1.5,RNew URNew,INTSXP,Mat2<i64>,nalgebra,
0.1.5,RNew URNew,INTSXP,Mat2<i32>,nalgebra,
0.1.5,RNew URNew,INTSXP,Mat2<i16>,nalgebra,
0.1.5,RNew URNew,INTSXP,Mat2<i8>,nalgebra,
0.1.5,RNew URNew,INTSXP,Mat2<usize>,nalgebra,
0.1.5,RNew URNew,INTSXP,Mat2<isize>,nalgebra,
0.1.5,RNew URNew,REALSXP,Mat2<f64>,nalgebra,
0.1.5,RNew URNew,REALSXP,Mat2<f32>,nalgebra,
0.1.5,RNew URNew,INTSXP,Mat3<u64>,nalgebra,
0.1.5,RNew URNew,INTSXP,Mat3<u32>,nalgebra,
0.1.5,RNew URNew,INTSXP,Mat3<u16>,nalgebra,
0.1.5,RNew URNew,INTSXP,Mat3<i64>,nalgebra,
0.1.5,RNew URNew,INTSXP,Mat3<i32>,nalgebra,
0.1.5,RNew URNew,INTSXP,Mat3<i16>,nalgebra,
0.1.5,RNew URNew,INTSXP,Mat3<i8>,nalgebra,
0.1.5,RNew URNew,INTSXP,Mat3<usize>,nalgebra,
0.1.5,RNew URNew,INTSXP,Mat3<isize>,nalgebra,
0.1.5,RNew URNew,INTSXP,Mat3<f64>,nalgebra,
0.1.5,RNew URNew,INTSXP,Mat3<f32>,nalgebra,
0.1.5,RNew URNew,INTSXP,Mat4<u64>,nalgebra,
0.1.5,RNew URNew,INTSXP,Mat4<u32>,nalgebra,
0.1.5,RNew URNew,INTSXP,Mat4<u16>,nalgebra,
0.1.5,RNew URNew,INTSXP,Mat4<i64>,nalgebra,
0.1.5,RNew URNew,INTSXP,Mat4<i32>,nalgebra,
0.1.5,RNew URNew,INTSXP,Mat4<i16>,nalgebra,
0.1.5,RNew URNew,INTSXP,Mat4<i8>,nalgebra,
0.1.5,RNew URNew,INTSXP,Mat4<usize>,nalgebra,
0.1.5,RNew URNew,INTSXP,Mat4<isize>,nalgebra,
0.1.5,RNew URNew,REALSXP,Mat4<f64>,nalgebra,
0.1.5,RNew URNew,REALSXP,Mat4<f32>,nalgebra,
0.1.5,RNew URNew,INTSXP,Mat5<u64>,nalgebra,
0.1.5,RNew URNew,INTSXP,Mat5<u32>,nalgebra,
0.1.5,RNew URNew,INTSXP,Mat5<u16>,nalgebra,
0.1.5,RNew URNew,INTSXP,Mat5<i64>,nalgebra,
0.1.5,RNew URNew,INTSXP,Mat5<i32>,nalgebra,
0.1.5,RNew URNew,INTSXP,Mat5<i16>,nalgebra,
0.1.5,RNew URNew,INTSXP,Mat5<i8>,nalgebra,
0.1.5,RNew URNew,INTSXP,Mat5<usize>,nalgebra,
0.1.5,RNew URNew,INTSXP,Mat5<isize>,nalgebra,
0.1.5,RNew URNew,REALSXP,Mat5<f64>,nalgebra,
0.1.5,RNew URNew,REALSXP,Mat5<f32>,nalgebra,
0.1.5,RNew URNew,INTSXP,Mat6<u64>,nalgebra,
0.1.5,RNew URNew,INTSXP,Mat6<u32>,nalgebra,
0.1.5,RNew URNew,INTSXP,Mat6<u16>,nalgebra,
0.1.5,RNew URNew,INTSXP,Mat6<i64>,nalgebra,
0.1.5,RNew URNew,INTSXP,Mat6<i32>,nalgebra,
0.1.5,RNew URNew,INTSXP,Mat6<i16>,nalgebra,
0.1.5,RNew URNew,INTSXP,Mat6<i8>,nalgebra,
0.1.5,RNew URNew,INTSXP,Mat6<usize>,nalgebra,
0.1.5,RNew URNew,INTSXP,Mat6<isize>,nalgebra,
0.1.5,RNew URNew,REALSXP,Mat6<f64>,nalgebra,
0.1.5,RNew URNew,REALSXP,Mat6<f32>,nalgebra,
0.1.5,RNew URNew,INTSXP RAWSXP,Mat1<u8>,nalgebra,
0.1.5,RNew URNew,INTSXP RAWSXP,Mat2<u8>,nalgebra,
0.1.5,RNew URNew,INTSXP RAWSXP,Mat3<u8>,nalgebra,
0.1.5,RNew URNew,INTSXP RAWSXP,Mat4<u8>,nalgebra,
0.1.5,RNew URNew,INTSXP RAWSXP,Mat5<u8>,nalgebra,
0.1.5,RNew URNew,INTSXP RAWSXP,Mat6<u8>,nalgebra,
0.1.5,RNew URNew,INTSXP,BigInt,num,
0.1.5,RNew URNew,INTSXP,BigUint,num,
0.1.5,RNew URNew,INTSXP,Vec<BigInt>,num,
0.1.5,RNew URNew,INTSXP,BinaryHeap<BigInt>,num,
0.1.5,RNew URNew,INTSXP,VecDeque<BigInt>,num,
0.1.5,RNew URNew,INTSXP,HashSet<BigInt>,num,
0.1.5,RNew URNew,INTSXP,Vec<BigUint>,num,
0.1.5,RNew URNew,INTSXP,BinaryHeap<BigUint>,num,
0.1.5,RNew URNew,INTSXP,VecDeque<BigUint>,num,
0.1.5,RNew URNew,INTSXP,HashSet<BigUint>,num,
0.1.5,RNew URNew,INTSXP,LinkedList<BigInt>,num,
0.1.5,RNew URNew,INTSXP,BTreeSet<BigInt>,num,
0.1.5,RNew URNew,INTSXP,LinkedList<BigUint>,num,
0.1.5,RNew URNew,INTSXP,BTreeSet<BigUint>,num,
0.1.5,From<Rcomplex>,Rcomplex,Complex<c_double>,num,
0.1.5,IntoR UIntoR,(),NULL,default,
0.1.5,IntoR UIntoR,bool,LGLSXP,default,
0.1.5,IntoR UIntoR,u64,INTSXP,default,
0.1.5,IntoR UIntoR,u32,INTSXP,default,
0.1.5,IntoR UIntoR,u16,INTSXP,default,
0.1.5,IntoR UIntoR,i64,INTSXP,default,
0.1.5,IntoR UIntoR,i32,INTSXP,default,
0.1.5,IntoR UIntoR,i16,INTSXP,default,
0.1.5,IntoR UIntoR,i8,INTSXP,default,
0.1.5,IntoR UIntoR,usize,INTSXP,default,
0.1.5,IntoR UIntoR,isize,INTSXP,default,
0.1.5,IntoR UIntoR,f64,REALSXP,default,
0.1.5,IntoR UIntoR,f32,REALSXP,default,
0.1.5,IntoR UIntoR,u8,INTSXP,default,
0.1.5,IntoR UIntoR,Vec<u64>,INTSXP,default,
0.1.5,IntoR UIntoR,Vec<u32>,INTSXP,default,
0.1.5,IntoR UIntoR,Vec<u16>,INTSXP,default,
0.1.5,IntoR UIntoR,Vec<i64>,INTSXP,default,
0.1.5,IntoR UIntoR,Vec<i32>,INTSXP,default,
0.1.5,IntoR UIntoR,Vec<i16>,INTSXP,default,
0.1.5,IntoR UIntoR,Vec<i8>,INTSXP,default,
0.1.5,IntoR UIntoR,Vec<usize>,INTSXP,default,
0.1.5,IntoR UIntoR,Vec<isize>,INTSXP,default,
0.1.5,IntoR UIntoR,Vec<f64>,REALSXP,default,
0.1.5,IntoR UIntoR,Vec<f32>,REALSXP,default,
0.1.5,IntoR UIntoR,BinaryHeap<u64>,INTSXP,default,
0.1.5,IntoR UIntoR,BinaryHeap<u32>,INTSXP,default,
0.1.5,IntoR UIntoR,BinaryHeap<u16>,INTSXP,default,
0.1.5,IntoR UIntoR,BinaryHeap<i64>,INTSXP,default,
0.1.5,IntoR UIntoR,BinaryHeap<i32>,INTSXP,default,
0.1.5,IntoR UIntoR,BinaryHeap<i16>,INTSXP,default,
0.1.5,IntoR UIntoR,BinaryHeap<i8>,INTSXP,default,
0.1.5,IntoR UIntoR,BinaryHeap<usize>,INTSXP,default,
0.1.5,IntoR UIntoR,BinaryHeap<isize>,INTSXP,default,
0.1.5,IntoR UIntoR,HashSet<u64>,INTSXP,default,
0.1.5,IntoR UIntoR,HashSet<u32>,INTSXP,default,
0.1.5,IntoR UIntoR,HashSet<u16>,INTSXP,default,
0.1.5,IntoR UIntoR,HashSet<i64>,INTSXP,default,
0.1.5,IntoR UIntoR,HashSet<i32>,INTSXP,default,
0.1.5,IntoR UIntoR,HashSet<i16>,INTSXP,default,
0.1.5,IntoR UIntoR,HashSet<i8>,INTSXP,default,
0.1.5,IntoR UIntoR,HashSet<usize>,INTSXP,default,
0.1.5,IntoR UIntoR,HashSet<isize>,INTSXP,default,
0.1.5,IntoR UIntoR,VecDeque<u64>,INTSXP,default,
0.1.5,IntoR UIntoR,VecDeque<u32>,INTSXP,default,
0.1.5,IntoR UIntoR,VecDeque<u16>,INTSXP,default,
0.1.5,IntoR UIntoR,VecDeque<i64>,INTSXP,default,
0.1.5,IntoR UIntoR,VecDeque<i32>,INTSXP,default,
0.1.5,IntoR UIntoR,VecDeque<i16>,INTSXP,default,
0.1.5,IntoR UIntoR,VecDeque<i8>,INTSXP,default,
0.1.5,IntoR UIntoR,VecDeque<usize>,INTSXP,default,
0.1.5,IntoR UIntoR,VecDeque<isize>,INTSXP,default,
0.1.5,IntoR UIntoR,VecDeque<f64>,REALSXP,default,
0.1.5,IntoR UIntoR,VecDeque<f32>,REALSXP,default,
0.1.5,IntoR UIntoR,Vec<bool>,INTSXP,default,
0.1.5,IntoR UIntoR,BinaryHeap<bool>,INTSXP,default,
0.1.5,IntoR UIntoR,HashSet<bool>,INTSXP,default,
0.1.5,IntoR UIntoR,VecDeque<bool>,INTSXP,default,
0.1.5,IntoR UIntoR,Vec<u8>,INTSXP,default,
0.1.5,IntoR UIntoR,BinaryHeap<u8>,INTSXP,default,
0.1.5,IntoR UIntoR,HashSet<u8>,INTSXP,default,
0.1.5,IntoR UIntoR,VecDeque<u8>,INTSXP,default,
0.1.5,IntoR UIntoR,&'a[u64],INTSXP,default,
0.1.5,IntoR UIntoR,&'a[u32],INTSXP,default,
0.1.5,IntoR UIntoR,&'a[u16],INTSXP,default,
0.1.5,IntoR UIntoR,&'a[u8],INTSXP,default,
0.1.5,IntoR UIntoR,&'a[i64],INTSXP,default,
0.1.5,IntoR UIntoR,&'a[i32],INTSXP,default,
0.1.5,IntoR UIntoR,&'a[i16],INTSXP,default,
0.1.5,IntoR UIntoR,&'a[i8],INTSXP,default,
0.1.5,IntoR UIntoR,&'a[usize],INTSXP,default,
0.1.5,IntoR UIntoR,&'a[isize],INTSXP,default,
0.1.5,IntoR UIntoR,&'a[f64],REALSXP,default,
0.1.5,IntoR UIntoR,&'a[f32],REALSXP,default,
0.1.5,IntoR UIntoR,LinkedList<u64>,INTSXP,default,
0.1.5,IntoR UIntoR,LinkedList<u32>,INTSXP,default,
0.1.5,IntoR UIntoR,LinkedList<u16>,INTSXP,default,
0.1.5,IntoR UIntoR,LinkedList<i64>,INTSXP,default,
0.1.5,IntoR UIntoR,LinkedList<i32>,INTSXP,default,
0.1.5,IntoR UIntoR,LinkedList<i16>,INTSXP,default,
0.1.5,IntoR UIntoR,LinkedList<i8>,INTSXP,default,
0.1.5,IntoR UIntoR,LinkedList<usize>,INTSXP,default,
0.1.5,IntoR UIntoR,LinkedList<isize>,INTSXP,default,
0.1.5,IntoR UIntoR,LinkedList<f64>,REALSXP,default,
0.1.5,IntoR UIntoR,LinkedList<f32>,REALSXP,default,
0.1.5,IntoR UIntoR,BTreeSet<u64>,INTSXP,default,
0.1.5,IntoR UIntoR,BTreeSet<u32>,INTSXP,default,
0.1.5,IntoR UIntoR,BTreeSet<u16>,INTSXP,default,
0.1.5,IntoR UIntoR,BTreeSet<i64>,INTSXP,default,
0.1.5,IntoR UIntoR,BTreeSet<i32>,INTSXP,default,
0.1.5,IntoR UIntoR,BTreeSet<i16>,INTSXP,default,
0.1.5,IntoR UIntoR,BTreeSet<i8>,INTSXP,default,
0.1.5,IntoR UIntoR,BTreeSet<usize>,INTSXP,default,
0.1.5,IntoR UIntoR,BTreeSet<isize>,INTSXP,default,
0.1.5,IntoR UIntoR,LinkedList<bool>,INTSXP,default,
0.1.5,IntoR UIntoR,BTreeSet<bool>,INTSXP,default,
0.1.5,IntoR UIntoR,LinkedList<u8>,INTSXP,default,
0.1.5,IntoR UIntoR,BTreeSet<u8>,INTSXP,default,
0.1.5,IntoR,"<D:IntoR> HashMap<String,D>",VECSXP,default,
0.1.5,IntoR,"<D:IntoR> HashMap<CString,D>",VECSXP,default,
0.1.5,IntoR,"<D:IntoR> BTreeMap<String,D>",VECSXP,default,
0.1.5,IntoR,"<D:IntoR> BTreeMap<CString,D>",VECSXP,default,
0.1.5,IntoR UIntoR,CString,STRSXP,default,
0.1.5,IntoR,String,STRSXP,default,
0.1.5,IntoR,&'a str,STRSXP,default,
0.1.5,IntoR UIntoR,Vec<CString>,STRSXP,default,
0.1.5,IntoR,Vec<String>,STRSXP,default,
0.1.5,IntoR,Vec<&'a str>,STRSXP,default,
0.1.5,IntoR UIntoR,VecDeque<CString>,STRSXP,default,
0.1.5,IntoR,VecDeque<String>,STRSXP,default,
0.1.5,IntoR,VecDeque<&'a str>,STRSXP,default,
0.1.5,IntoR UIntoR,BinaryHeap<CString>,STRSXP,default,
0.1.5,IntoR,BinaryHeap<String>,STRSXP,default,
0.1.5,IntoR,BinaryHeap<&'a str>,STRSXP,default,
0.1.5,IntoR UIntoR,HashSet<CString>,STRSXP,default,
0.1.5,IntoR,HashSet<String>,STRSXP,default,
0.1.5,IntoR,HashSet<&'a str>,STRSXP,default,
0.1.5,IntoR UIntoR,&'a[CString],STRSXP,default,
0.1.5,IntoR,&'a[String],STRSXP,default,
0.1.5,IntoR,&'a[&'b str],STRSXP,default,
0.1.5,IntoR UIntoR,BTreeSet<CString>,STRSXP,default,
0.1.5,IntoR,BTreeSet<String>,STRSXP,default,
0.1.5,IntoR,BTreeSet<&'a str>,STRSXP,default,
0.1.5,IntoR UIntoR,LinkedList<CString>,STRSXP,default,
0.1.5,IntoR UIntoR,LinkedList<String>,STRSXP,default,
0.1.5,IntoR,LinkedList<&'a str>,STRSXP,default,
0.1.5,IntoR,Vec<Vec<String>>,VECSXP,default,
0.1.5,IntoR UIntoR,Vec<Vec<CString>>,VECSXP,default,
0.1.5,IntoR UIntoR,Vec<Vec<f64>>,VECSXP,default,
0.1.5,IntoR UIntoR,Vec<Vec<f32>>,VECSXP,default,
0.1.5,IntoR UIntoR,Vec<Vec<u16>>,VECSXP,default,
0.1.5,IntoR UIntoR,Vec<Vec<i16>>,VECSXP,default,
0.1.5,IntoR UIntoR,Vec<Vec<u8>>,VECSXP,default,
0.1.5,IntoR UIntoR,Vec<Vec<u32>>,VECSXP,default,
0.1.5,IntoR UIntoR,Vec<Vec<u64>>,VECSXP,default,
0.1.5,IntoR UIntoR,Vec<Vec<i8>>,VECSXP,default,
0.1.5,IntoR UIntoR,Vec<Vec<i32>>,VECSXP,default,
0.1.5,IntoR UIntoR,Vec<Vec<i64>>,VECSXP,default,
0.1.5,IntoR UIntoR,Vec<Vec<usize>>,VECSXP,default,
0.1.5,IntoR UIntoR,Vec<Vec<isize>>,VECSXP,default,
0.1.5,IntoR UIntoR,Vec<Vec<bool>>,VECSXP,default,
0.1.5,IntoR UIntoR,Vec<VecDeque<String>>,VECSXP,default,
0.1.5,IntoR UIntoR,Vec<VecDeque<CString>>,VECSXP,default,
0.1.5,IntoR UIntoR,Vec<VecDeque<f64>>,VECSXP,default,
0.1.5,IntoR UIntoR,Vec<VecDeque<f32>>,VECSXP,default,
0.1.5,IntoR UIntoR,Vec<VecDeque<u16>>,VECSXP,default,
0.1.5,IntoR UIntoR,Vec<VecDeque<i16>>,VECSXP,default,
0.1.5,IntoR UIntoR,Vec<VecDeque<u8>>,VECSXP,default,
0.1.5,IntoR UIntoR,Vec<VecDeque<u32>>,VECSXP,default,
0.1.5,IntoR UIntoR,Vec<VecDeque<u64>>,VECSXP,default,
0.1.5,IntoR UIntoR,Vec<VecDeque<i8>>,VECSXP,default,
0.1.5,IntoR UIntoR,Vec<VecDeque<i32>>,VECSXP,default,
0.1.5,IntoR UIntoR,Vec<VecDeque<i64>>,VECSXP,default,
0.1.5,IntoR UIntoR,Vec<VecDeque<usize>>,VECSXP,default,
0.1.5,IntoR UIntoR,Vec<VecDeque<isize>>,VECSXP,default,
0.1.5,IntoR UIntoR,Vec<VecDeque<bool>>,VECSXP,default,
0.1.5,IntoR UIntoR,VecDeque<VecDeque<String>>,VECSXP,default,
0.1.5,IntoR UIntoR,VecDeque<VecDeque<CString>>,VECSXP,default,
0.1.5,IntoR UIntoR,VecDeque<VecDeque<f64>>,VECSXP,default,
0.1.5,IntoR UIntoR,VecDeque<VecDeque<f32>>,VECSXP,default,
0.1.5,IntoR UIntoR,VecDeque<VecDeque<u16>>,VECSXP,default,
0.1.5,IntoR UIntoR,VecDeque<VecDeque<i16>>,VECSXP,default,
0.1.5,IntoR UIntoR,VecDeque<VecDeque<u8>>,VECSXP,default,
0.1.5,IntoR UIntoR,VecDeque<VecDeque<u32>>,VECSXP,default,
0.1.5,IntoR UIntoR,VecDeque<VecDeque<u64>>,VECSXP,default,
0.1.5,IntoR UIntoR,VecDeque<VecDeque<i8>>,VECSXP,default,
0.1.5,IntoR UIntoR,VecDeque<VecDeque<i32>>,VECSXP,default,
0.1.5,IntoR UIntoR,VecDeque<VecDeque<i64>>,VECSXP,default,
0.1.5,IntoR UIntoR,VecDeque<VecDeque<usize>>,VECSXP,default,
0.1.5,IntoR UIntoR,VecDeque<VecDeque<isize>>,VECSXP,default,
0.1.5,IntoR UIntoR,VecDeque<VecDeque<bool>>,VECSXP,default,
0.1.5,IntoR UIntoR,BinaryHeap<Vec<String>>,VECSXP,default,
0.1.5,IntoR UIntoR,BinaryHeap<Vec<CString>>,VECSXP,default,
0.1.5,IntoR UIntoR,BinaryHeap<Vec<u16>>,VECSXP,default,
0.1.5,IntoR UIntoR,BinaryHeap<Vec<i16>>,VECSXP,default,
0.1.5,IntoR UIntoR,BinaryHeap<Vec<u8>>,VECSXP,default,
0.1.5,IntoR UIntoR,BinaryHeap<Vec<u32>>,VECSXP,default,
0.1.5,IntoR UIntoR,BinaryHeap<Vec<u64>>,VECSXP,default,
0.1.5,IntoR UIntoR,BinaryHeap<Vec<i8>>,VECSXP,default,
0.1.5,IntoR UIntoR,BinaryHeap<Vec<i32>>,VECSXP,default,
0.1.5,IntoR UIntoR,BinaryHeap<Vec<i64>>,VECSXP,default,
0.1.5,IntoR UIntoR,BinaryHeap<Vec<usize>>,VECSXP,default,
0.1.5,IntoR UIntoR,BinaryHeap<Vec<isize>>,VECSXP,default,
0.1.5,IntoR UIntoR,BinaryHeap<Vec<bool>>,VECSXP,default,
0.1.5,IntoR UIntoR,BinaryHeap<VecDeque<String>>,VECSXP,default,
0.1.5,IntoR UIntoR,BinaryHeap<VecDeque<CString>>,VECSXP,default,
0.1.5,IntoR UIntoR,BinaryHeap<VecDeque<u16>>,VECSXP,default,
0.1.5,IntoR UIntoR,BinaryHeap<VecDeque<i16>>,VECSXP,default,
0.1.5,IntoR UIntoR,BinaryHeap<VecDeque<u8>>,VECSXP,default,
0.1.5,IntoR UIntoR,BinaryHeap<VecDeque<u32>>,VECSXP,default,
0.1.5,IntoR UIntoR,BinaryHeap<VecDeque<u64>>,VECSXP,default,
0.1.5,IntoR UIntoR,BinaryHeap<VecDeque<i8>>,VECSXP,default,
0.1.5,IntoR UIntoR,BinaryHeap<VecDeque<i32>>,VECSXP,default,
0.1.5,IntoR UIntoR,BinaryHeap<VecDeque<i64>>,VECSXP,default,
0.1.5,IntoR UIntoR,BinaryHeap<VecDeque<usize>>,VECSXP,default,
0.1.5,IntoR UIntoR,BinaryHeap<VecDeque<isize>>,VECSXP,default,
0.1.5,IntoR UIntoR,BinaryHeap<VecDeque<bool>>,VECSXP,default,
0.1.5,IntoR UIntoR,HashSet<Vec<String>>,VECSXP,default,
0.1.5,IntoR UIntoR,HashSet<Vec<CString>>,VECSXP,default,
0.1.5,IntoR UIntoR,HashSet<Vec<u16>>,VECSXP,default,
0.1.5,IntoR UIntoR,HashSet<Vec<i16>>,VECSXP,default,
0.1.5,IntoR UIntoR,HashSet<Vec<u8>>,VECSXP,default,
0.1.5,IntoR UIntoR,HashSet<Vec<u32>>,VECSXP,default,
0.1.5,IntoR UIntoR,HashSet<Vec<u64>>,VECSXP,default,
0.1.5,IntoR UIntoR,HashSet<Vec<i8>>,VECSXP,default,
0.1.5,IntoR UIntoR,HashSet<Vec<i32>>,VECSXP,default,
0.1.5,IntoR UIntoR,HashSet<Vec<i64>>,VECSXP,default,
0.1.5,IntoR UIntoR,HashSet<Vec<usize>>,VECSXP,default,
0.1.5,IntoR UIntoR,HashSet<Vec<isize>>,VECSXP,default,
0.1.5,IntoR UIntoR,HashSet<Vec<bool>>,VECSXP,default,
0.1.5,IntoR UIntoR,HashSet<VecDeque<String>>,VECSXP,default,
0.1.5,IntoR UIntoR,HashSet<VecDeque<CString>>,VECSXP,default,
0.1.5,IntoR UIntoR,HashSet<VecDeque<u16>>,VECSXP,default,
0.1.5,IntoR UIntoR,HashSet<VecDeque<i16>>,VECSXP,default,
0.1.5,IntoR UIntoR,HashSet<VecDeque<u8>>,VECSXP,default,
0.1.5,IntoR UIntoR,HashSet<VecDeque<u32>>,VECSXP,default,
0.1.5,IntoR UIntoR,HashSet<VecDeque<u64>>,VECSXP,default,
0.1.5,IntoR UIntoR,HashSet<VecDeque<i8>>,VECSXP,default,
0.1.5,IntoR UIntoR,HashSet<VecDeque<i32>>,VECSXP,default,
0.1.5,IntoR UIntoR,HashSet<VecDeque<i64>>,VECSXP,default,
0.1.5,IntoR UIntoR,HashSet<VecDeque<usize>>,VECSXP,default,
0.1.5,IntoR UIntoR,HashSet<VecDeque<isize>>,VECSXP,default,
0.1.5,IntoR UIntoR,HashSet<VecDeque<bool>>,VECSXP,default,
0.1.5,IntoR UIntoR,LinkedList<Vec<String>>,VECSXP,default,
0.1.5,IntoR UIntoR,LinkedList<Vec<CString>>,VECSXP,default,
0.1.5,IntoR UIntoR,LinkedList<Vec<f64>>,VECSXP,default,
0.1.5,IntoR UIntoR,LinkedList<Vec<f32>>,VECSXP,default,
0.1.5,IntoR UIntoR,LinkedList<Vec<u16>>,VECSXP,default,
0.1.5,IntoR UIntoR,LinkedList<Vec<i16>>,VECSXP,default,
0.1.5,IntoR UIntoR,LinkedList<Vec<u8>>,VECSXP,default,
0.1.5,IntoR UIntoR,LinkedList<Vec<u32>>,VECSXP,default,
0.1.5,IntoR UIntoR,LinkedList<Vec<u64>>,VECSXP,default,
0.1.5,IntoR UIntoR,LinkedList<Vec<i8>>,VECSXP,default,
0.1.5,IntoR UIntoR,LinkedList<Vec<i32>>,VECSXP,default,
0.1.5,IntoR UIntoR,LinkedList<Vec<i64>>,VECSXP,default,
0.1.5,IntoR UIntoR,LinkedList<Vec<usize>>,VECSXP,default,
0.1.5,IntoR UIntoR,LinkedList<Vec<isize>>,VECSXP,default,
0.1.5,IntoR UIntoR,LinkedList<Vec<bool>>,VECSXP,default,
0.1.5,IntoR UIntoR,Vec<LinkedList<String>>,VECSXP,default,
0.1.5,IntoR UIntoR,Vec<LinkedList<CString>>,VECSXP,default,
0.1.5,IntoR UIntoR,Vec<LinkedList<f64>>,VECSXP,default,
0.1.5,IntoR UIntoR,Vec<LinkedList<f32>>,VECSXP,default,
0.1.5,IntoR UIntoR,Vec<LinkedList<u16>>,VECSXP,default,
0.1.5,IntoR UIntoR,Vec<LinkedList<i16>>,VECSXP,default,
0.1.5,IntoR UIntoR,Vec<LinkedList<u8>>,VECSXP,default,
0.1.5,IntoR UIntoR,Vec<LinkedList<u32>>,VECSXP,default,
0.1.5,IntoR UIntoR,Vec<LinkedList<u64>>,VECSXP,default,
0.1.5,IntoR UIntoR,Vec<LinkedList<i8>>,VECSXP,default,
0.1.5,IntoR UIntoR,Vec<LinkedList<i32>>,VECSXP,default,
0.1.5,IntoR UIntoR,Vec<LinkedList<i64>>,VECSXP,default,
0.1.5,IntoR UIntoR,Vec<LinkedList<usize>>,VECSXP,default,
0.1.5,IntoR UIntoR,Vec<LinkedList<isize>>,VECSXP,default,
0.1.5,IntoR UIntoR,Vec<LinkedList<bool>>,VECSXP,default,
0.1.5,IntoR UIntoR,LinkedList<VecDeque<String>>,VECSXP,default,
0.1.5,IntoR UIntoR,LinkedList<VecDeque<CString>>,VECSXP,default,
0.1.5,IntoR UIntoR,LinkedList<VecDeque<f64>>,VECSXP,default,
0.1.5,IntoR UIntoR,LinkedList<VecDeque<f32>>,VECSXP,default,
0.1.5,IntoR UIntoR,LinkedList<VecDeque<u16>>,VECSXP,default,
0.1.5,IntoR UIntoR,LinkedList<VecDeque<i16>>,VECSXP,default,
0.1.5,IntoR UIntoR,LinkedList<VecDeque<u8>>,VECSXP,default,
0.1.5,IntoR UIntoR,LinkedList<VecDeque<u32>>,VECSXP,default,
0.1.5,IntoR UIntoR,LinkedList<VecDeque<u64>>,VECSXP,default,
0.1.5,IntoR UIntoR,LinkedList<VecDeque<i8>>,VECSXP,default,
0.1.5,IntoR UIntoR,LinkedList<VecDeque<i32>>,VECSXP,default,
0.1.5,IntoR UIntoR,LinkedList<VecDeque<i64>>,VECSXP,default,
0.1.5,IntoR UIntoR,LinkedList<VecDeque<usize>>,VECSXP,default,
0.1.5,IntoR UIntoR,LinkedList<VecDeque<isize>>,VECSXP,default,
0.1.5,IntoR UIntoR,LinkedList<VecDeque<bool>>,VECSXP,default,
0.1.5,IntoR UIntoR,LinkedList<LinkedList<String>>,VECSXP,default,
0.1.5,IntoR UIntoR,LinkedList<LinkedList<CString>>,VECSXP,default,
0.1.5,IntoR UIntoR,LinkedList<LinkedList<f64>>,VECSXP,default,
0.1.5,IntoR UIntoR,LinkedList<LinkedList<f32>>,VECSXP,default,
0.1.5,IntoR UIntoR,LinkedList<LinkedList<u16>>,VECSXP,default,
0.1.5,IntoR UIntoR,LinkedList<LinkedList<i16>>,VECSXP,default,
0.1.5,IntoR UIntoR,LinkedList<LinkedList<u8>>,VECSXP,default,
0.1.5,IntoR UIntoR,LinkedList<LinkedList<u32>>,VECSXP,default,
0.1.5,IntoR UIntoR,LinkedList<LinkedList<u64>>,VECSXP,default,
0.1.5,IntoR UIntoR,LinkedList<LinkedList<i8>>,VECSXP,default,
0.1.5,IntoR UIntoR,LinkedList<LinkedList<i32>>,VECSXP,default,
0.1.5,IntoR UIntoR,LinkedList<LinkedList<i64>>,VECSXP,default,
0.1.5,IntoR UIntoR,LinkedList<LinkedList<usize>>,VECSXP,default,
0.1.5,IntoR UIntoR,LinkedList<LinkedList<isize>>,VECSXP,default,
0.1.5,IntoR UIntoR,LinkedList<LinkedList<bool>>,VECSXP,default,
0.1.5,IntoR UIntoR,VecDeque<LinkedList<String>>,VECSXP,default,
0.1.5,IntoR UIntoR,VecDeque<LinkedList<CString>>,VECSXP,default,
0.1.5,IntoR UIntoR,VecDeque<LinkedList<f64>>,VECSXP,default,
0.1.5,IntoR UIntoR,VecDeque<LinkedList<f32>>,VECSXP,default,
0.1.5,IntoR UIntoR,VecDeque<LinkedList<u16>>,VECSXP,default,
0.1.5,IntoR UIntoR,VecDeque<LinkedList<i16>>,VECSXP,default,
0.1.5,IntoR UIntoR,VecDeque<LinkedList<u8>>,VECSXP,default,
0.1.5,IntoR UIntoR,VecDeque<LinkedList<u32>>,VECSXP,default,
0.1.5,IntoR UIntoR,VecDeque<LinkedList<u64>>,VECSXP,default,
0.1.5,IntoR UIntoR,VecDeque<LinkedList<i8>>,VECSXP,default,
0.1.5,IntoR UIntoR,VecDeque<LinkedList<i32>>,VECSXP,default,
0.1.5,IntoR UIntoR,VecDeque<LinkedList<i64>>,VECSXP,default,
0.1.5,IntoR UIntoR,VecDeque<LinkedList<usize>>,VECSXP,default,
0.1.5,IntoR UIntoR,VecDeque<LinkedList<isize>>,VECSXP,default,
0.1.5,IntoR UIntoR,VecDeque<LinkedList<bool>>,VECSXP,default,
0.1.5,IntoR UIntoR,BTreeSet<Vec<String>>,VECSXP,default,
0.1.5,IntoR UIntoR,BTreeSet<Vec<CString>>,VECSXP,default,
0.1.5,IntoR UIntoR,BTreeSet<Vec<u16>>,VECSXP,default,
0.1.5,IntoR UIntoR,BTreeSet<Vec<i16>>,VECSXP,default,
0.1.5,IntoR UIntoR,BTreeSet<Vec<u8>>,VECSXP,default,
0.1.5,IntoR UIntoR,BTreeSet<Vec<u32>>,VECSXP,default,
0.1.5,IntoR UIntoR,BTreeSet<Vec<u64>>,VECSXP,default,
0.1.5,IntoR UIntoR,BTreeSet<Vec<i8>>,VECSXP,default,
0.1.5,IntoR UIntoR,BTreeSet<Vec<i32>>,VECSXP,default,
0.1.5,IntoR UIntoR,BTreeSet<Vec<i64>>,VECSXP,default,
0.1.5,IntoR UIntoR,BTreeSet<Vec<usize>>,VECSXP,default,
0.1.5,IntoR UIntoR,BTreeSet<Vec<isize>>,VECSXP,default,
0.1.5,IntoR UIntoR,BTreeSet<Vec<bool>>,VECSXP,default,
0.1.5,IntoR UIntoR,BTreeSet<VecDeque<String>>,VECSXP,default,
0.1.5,IntoR UIntoR,BTreeSet<VecDeque<CString>>,VECSXP,default,
0.1.5,IntoR UIntoR,BTreeSet<VecDeque<u16>>,VECSXP,default,
0.1.5,IntoR UIntoR,BTreeSet<VecDeque<i16>>,VECSXP,default,
0.1.5,IntoR UIntoR,BTreeSet<VecDeque<u8>>,VECSXP,default,
0.1.5,IntoR UIntoR,BTreeSet<VecDeque<u32>>,VECSXP,default,
0.1.5,IntoR UIntoR,BTreeSet<VecDeque<u64>>,VECSXP,default,
0.1.5,IntoR UIntoR,BTreeSet<VecDeque<i8>>,VECSXP,default,
0.1.5,IntoR UIntoR,BTreeSet<VecDeque<i32>>,VECSXP,default,
0.1.5,IntoR UIntoR,BTreeSet<VecDeque<i64>>,VECSXP,default,
0.1.5,IntoR UIntoR,BTreeSet<VecDeque<usize>>,VECSXP,default,
0.1.5,IntoR UIntoR,BTreeSet<VecDeque<isize>>,VECSXP,default,
0.1.5,IntoR UIntoR,BTreeSet<VecDeque<bool>>,VECSXP,default,
0.1.5,IntoR UIntoR,Vec<Vec<&'a str>>,VECSXP,default,
0.1.5,IntoR UIntoR,Vec<VecDeque<&'a str>>,VECSXP,default,
0.1.5,IntoR UIntoR,VecDeque<VecDeque<&'a str>>,VECSXP,default,
0.1.5,IntoR UIntoR,BinaryHeap<Vec<&'a str>>,VECSXP,default,
0.1.5,IntoR UIntoR,BinaryHeap<VecDeque<&'a str>>,VECSXP,default,
0.1.5,IntoR UIntoR,HashSet<Vec<&'a str>>,VECSXP,default,
0.1.5,IntoR UIntoR,HashSet<VecDeque<&'a str>>,VECSXP,default,
0.1.5,IntoR UIntoR,LinkedList<Vec<&'a str>>,VECSXP,default,
0.1.5,IntoR UIntoR,Vec<LinkedList<&'a str>>,VECSXP,default,
0.1.5,IntoR UIntoR,LinkedList<VecDeque<&'a str>>,VECSXP,default,
0.1.5,IntoR UIntoR,LinkedList<LinkedList<&'a str>>,VECSXP,default,
0.1.5,IntoR UIntoR,VecDeque<LinkedList<&'a str>>,VECSXP,default,
0.1.5,IntoR UIntoR,BTreeSet<Vec<&'a str>>,VECSXP,default,
0.1.5,IntoR UIntoR,BTreeSet<VecDeque<&'a str>>,VECSXP,default,
0.1.5,IntoR UIntoR,Vec<PromiseM<T>>,VECSXP,default,
0.1.5,IntoR UIntoR,Vec<S4M<T>>,VECSXP,default,
0.1.5,IntoR UIntoR,Vec<RLangM<T>>,VECSXP,default,
0.1.5,IntoR UIntoR,Vec<EnvirM<T>>,VECSXP,default,
0.1.5,IntoR UIntoR,Vec<RObjM<T>>,VECSXP,default,
0.1.5,IntoR UIntoR,Vec<RFunM<T>>,VECSXP,default,
0.1.5,IntoR UIntoR,Vec<SymbolM<T>>,VECSXP,default,
0.1.5,IntoR UIntoR,Vec<ReferenceM<T>>,VECSXP,default,
0.1.5,IntoR UIntoR,Vec<NumVecM<T>>,VECSXP,default,
0.1.5,IntoR UIntoR,Vec<IntVecM<T>>,VECSXP,default,
0.1.5,IntoR UIntoR,Vec<BoolVecM<T>>,VECSXP,default,
0.1.5,IntoR UIntoR,Vec<CharVecM<T>>,VECSXP,default,
0.1.5,IntoR UIntoR,Vec<CplVecM<T>>,VECSXP,default,
0.1.5,IntoR UIntoR,Vec<RawVecM<T>>,VECSXP,default,
0.1.5,IntoR UIntoR,Vec<ExprVecM<T>>,VECSXP,default,
0.1.5,IntoR UIntoR,Vec<RListM<T>>,VECSXP,default,
0.1.5,IntoR UIntoR,VecDeque<PromiseM<T>>,VECSXP,default,
0.1.5,IntoR UIntoR,VecDeque<S4M<T>>,VECSXP,default,
0.1.5,IntoR UIntoR,VecDeque<RLangM<T>>,VECSXP,default,
0.1.5,IntoR UIntoR,VecDeque<EnvirM<T>>,VECSXP,default,
0.1.5,IntoR UIntoR,VecDeque<RObjM<T>>,VECSXP,default,
0.1.5,IntoR UIntoR,VecDeque<RFunM<T>>,VECSXP,default,
0.1.5,IntoR UIntoR,VecDeque<SymbolM<T>>,VECSXP,default,
0.1.5,IntoR UIntoR,VecDeque<ReferenceM<T>>,VECSXP,default,
0.1.5,IntoR UIntoR,VecDeque<NumVecM<T>>,VECSXP,default,
0.1.5,IntoR UIntoR,VecDeque<IntVecM<T>>,VECSXP,default,
0.1.5,IntoR UIntoR,VecDeque<BoolVecM<T>>,VECSXP,default,
0.1.5,IntoR UIntoR,VecDeque<CharVecM<T>>,VECSXP,default,
0.1.5,IntoR UIntoR,VecDeque<CplVecM<T>>,VECSXP,default,
0.1.5,IntoR UIntoR,VecDeque<RawVecM<T>>,VECSXP,default,
0.1.5,IntoR UIntoR,VecDeque<ExprVecM<T>>,VECSXP,default,
0.1.5,IntoR UIntoR,VecDeque<RListM<T>>,VECSXP,default,
0.1.5,IntoR UIntoR,LinkedList<PromiseM<T>>,VECSXP,default,
0.1.5,IntoR UIntoR,LinkedList<S4M<T>>,VECSXP,default,
0.1.5,IntoR UIntoR,LinkedList<RLangM<T>>,VECSXP,default,
0.1.5,IntoR UIntoR,LinkedList<EnvirM<T>>,VECSXP,default,
0.1.5,IntoR UIntoR,LinkedList<RObjM<T>>,VECSXP,default,
0.1.5,IntoR UIntoR,LinkedList<RFunM<T>>,VECSXP,default,
0.1.5,IntoR UIntoR,LinkedList<SymbolM<T>>,VECSXP,default,
0.1.5,IntoR UIntoR,LinkedList<ReferenceM<T>>,VECSXP,default,
0.1.5,IntoR UIntoR,LinkedList<NumVecM<T>>,VECSXP,default,
0.1.5,IntoR UIntoR,LinkedList<IntVecM<T>>,VECSXP,default,
0.1.5,IntoR UIntoR,LinkedList<BoolVecM<T>>,VECSXP,default,
0.1.5,IntoR UIntoR,LinkedList<CharVecM<T>>,VECSXP,default,
0.1.5,IntoR UIntoR,LinkedList<CplVecM<T>>,VECSXP,default,
0.1.5,IntoR UIntoR,LinkedList<RawVecM<T>>,VECSXP,default,
0.1.5,IntoR UIntoR,LinkedList<ExprVecM<T>>,VECSXP,default,
0.1.5,IntoR UIntoR,LinkedList<RListM<T>>,VECSXP,default,
0.1.5,IntoR UIntoR,"Vec<RPtrM<Obj,T>>",VECSXP,default,
0.1.5,IntoR UIntoR,"Vec<RWeakM<Obj,T>>",VECSXP,default,
0.1.5,IntoR UIntoR,"VecDeque<RPtrM<Obj,T>>",VECSXP,default,
0.1.5,IntoR UIntoR,"VecDeque<RWeakM<Obj,T>>",VECSXP,default,
0.1.5,IntoR UIntoR,"LinkedList<RPtrM<Obj,T>>",VECSXP,default,
0.1.5,IntoR UIntoR,"LinkedList<RWeakM<Obj,T>>",VECSXP,default,
0.1.5,IntoR UIntoR,SEXP,SEXP,default,
0.1.5,IntoR UIntoR,RLangM<T>,SEXP,default,
0.1.5,IntoR UIntoR,RFmlM<T>,SEXP,default,
0.1.5,IntoR UIntoR,RDotM<T>,DOTSXP,default,
0.1.5,IntoR UIntoR,"RPtrM<Obj,T>",EXTPTRSXP,default,
0.1.5,IntoR UIntoR,"RWeakM<Obj,T>",WEAKREFSXP,default,
0.1.5,IntoR UIntoR,NumVecM<T>,REALSXP,default,
0.1.5,IntoR UIntoR,IntVecM<T>,INTSXP,default,
0.1.5,IntoR UIntoR,BoolVecM<T>,LGLSXP,default,
0.1.5,IntoR UIntoR,RawVecM<T>,RAWSXP,default,
0.1.5,IntoR UIntoR,CplVecM<T>,CPLXSXP,default,
0.1.5,IntoR UIntoR,CharVecM<T>,STRSXP,default,
0.1.5,IntoR UIntoR,RListM<T>,VECSXP,default,
0.1.5,IntoR UIntoR,ExprVecM<T>,EXPRSXP,default,
0.1.5,IntoR UIntoR,"NameObj<'a,T>",SEXP,default,
0.1.5,IntoR UIntoR,RObjM<T>,SEXP,default,
0.1.5,IntoR UIntoR,SymbolM<T>,SYMSXP,default,
0.1.5,IntoR UIntoR,PromiseM<T>,PROMSXP,default,
0.1.5,IntoR UIntoR,S4M<T>,S4SXP,default,
0.1.5,IntoR UIntoR,ReferenceM<T>,S4SXP,default,
0.1.5,IntoR UIntoR,EnvirM<T>,ENVSXP,default,
0.1.5,IntoR UIntoR,RFunM<T>,CLOSXP SPECIALSXP BUILTINSXP,default,
0.1.5,IntoR UIntoR,DVec<u64>,INTSXP,nalgebra,
0.1.5,IntoR UIntoR,DVec<u32>,INTSXP,nalgebra,
0.1.5,IntoR UIntoR,DVec<u16>,INTSXP,nalgebra,
0.1.5,IntoR UIntoR,DVec<i64>,INTSXP,nalgebra,
0.1.5,IntoR UIntoR,DVec<i32>,INTSXP,nalgebra,
0.1.5,IntoR UIntoR,DVec<i16>,INTSXP,nalgebra,
0.1.5,IntoR UIntoR,DVec<i8>,INTSXP,nalgebra,
0.1.5,IntoR UIntoR,DVec<usize>,INTSXP,nalgebra,
0.1.5,IntoR UIntoR,DVec<isize>,INTSXP,nalgebra,
0.1.5,IntoR UIntoR,DVec<f64>,INTSXP,nalgebra,
0.1.5,IntoR UIntoR,DVec<f32>,INTSXP,nalgebra,
0.1.5,IntoR UIntoR,DVec<u8>,INTSXP,nalgebra,
0.1.5,IntoR UIntoR,Vec1<u64>,INTSXP,nalgebra,
0.1.5,IntoR UIntoR,Vec1<u32>,INTSXP,nalgebra,
0.1.5,IntoR UIntoR,Vec1<u16>,INTSXP,nalgebra,
0.1.5,IntoR UIntoR,Vec1<i64>,INTSXP,nalgebra,
0.1.5,IntoR UIntoR,Vec1<i32>,INTSXP,nalgebra,
0.1.5,IntoR UIntoR,Vec1<i16>,INTSXP,nalgebra,
0.1.5,IntoR UIntoR,Vec1<i8>,INTSXP,nalgebra,
0.1.5,IntoR UIntoR,Vec1<usize>,INTSXP,nalgebra,
0.1.5,IntoR UIntoR,Vec1<isize>,INTSXP,nalgebra,
0.1.5,IntoR UIntoR,Vec1<f64>,REALSXP,nalgebra,
0.1.5,IntoR UIntoR,Vec1<f32>,REALSXP,nalgebra,
0.1.5,IntoR UIntoR,Vec2<u64>,INTSXP,nalgebra,
0.1.5,IntoR UIntoR,Vec2<u32>,INTSXP,nalgebra,
0.1.5,IntoR UIntoR,Vec2<u16>,INTSXP,nalgebra,
0.1.5,IntoR UIntoR,Vec2<i64>,INTSXP,nalgebra,
0.1.5,IntoR UIntoR,Vec2<i32>,INTSXP,nalgebra,
0.1.5,IntoR UIntoR,Vec2<i16>,INTSXP,nalgebra,
0.1.5,IntoR UIntoR,Vec2<i8>,INTSXP,nalgebra,
0.1.5,IntoR UIntoR,Vec2<usize>,INTSXP,nalgebra,
0.1.5,IntoR UIntoR,Vec2<isize>,INTSXP,nalgebra,
0.1.5,IntoR UIntoR,Vec2<f64>,REALSXP,nalgebra,
0.1.5,IntoR UIntoR,Vec2<f32>,REALSXP,nalgebra,
0.1.5,IntoR UIntoR,Vec3<u64>,INTSXP,nalgebra,
0.1.5,IntoR UIntoR,Vec3<u32>,INTSXP,nalgebra,
0.1.5,IntoR UIntoR,Vec3<u16>,INTSXP,nalgebra,
0.1.5,IntoR UIntoR,Vec3<i64>,INTSXP,nalgebra,
0.1.5,IntoR UIntoR,Vec3<i32>,INTSXP,nalgebra,
0.1.5,IntoR UIntoR,Vec3<i16>,INTSXP,nalgebra,
0.1.5,IntoR UIntoR,Vec3<i8>,INTSXP,nalgebra,
0.1.5,IntoR UIntoR,Vec3<usize>,INTSXP,nalgebra,
0.1.5,IntoR UIntoR,Vec3<isize>,INTSXP,nalgebra,
0.1.5,IntoR UIntoR,Vec3<f64>,REALSXP,nalgebra,
0.1.5,IntoR UIntoR,Vec3<f32>,REALSXP,nalgebra,
0.1.5,IntoR UIntoR,Vec4<u64>,INTSXP,nalgebra,
0.1.5,IntoR UIntoR,Vec4<u32>,INTSXP,nalgebra,
0.1.5,IntoR UIntoR,Vec4<u16>,INTSXP,nalgebra,
0.1.5,IntoR UIntoR,Vec4<i64>,INTSXP,nalgebra,
0.1.5,IntoR UIntoR,Vec4<i32>,INTSXP,nalgebra,
0.1.5,IntoR UIntoR,Vec4<i16>,INTSXP,nalgebra,
0.1.5,IntoR UIntoR,Vec4<i8>,INTSXP,nalgebra,
0.1.5,IntoR UIntoR,Vec4<usize>,INTSXP,nalgebra,
0.1.5,IntoR UIntoR,Vec4<isize>,INTSXP,nalgebra,
0.1.5,IntoR UIntoR,Vec4<f64>,REALSXP,nalgebra,
0.1.5,IntoR UIntoR,Vec4<f32>,REALSXP,nalgebra,
0.1.5,IntoR UIntoR,Vec5<u64>,INTSXP,nalgebra,
0.1.5,IntoR UIntoR,Vec5<u32>,INTSXP,nalgebra,
0.1.5,IntoR UIntoR,Vec5<u16>,INTSXP,nalgebra,
0.1.5,IntoR UIntoR,Vec5<i64>,INTSXP,nalgebra,
0.1.5,IntoR UIntoR,Vec5<i32>,INTSXP,nalgebra,
0.1.5,IntoR UIntoR,Vec5<i16>,INTSXP,nalgebra,
0.1.5,IntoR UIntoR,Vec5<i8>,INTSXP,nalgebra,
0.1.5,IntoR UIntoR,Vec5<usize>,INTSXP,nalgebra,
0.1.5,IntoR UIntoR,Vec5<isize>,INTSXP,nalgebra,
0.1.5,IntoR UIntoR,Vec5<f64>,REALSXP,nalgebra,
0.1.5,IntoR UIntoR,Vec5<f32>,REALSXP,nalgebra,
0.1.5,IntoR UIntoR,Vec6<u64>,INTSXP,nalgebra,
0.1.5,IntoR UIntoR,Vec6<u32>,INTSXP,nalgebra,
0.1.5,IntoR UIntoR,Vec6<u16>,INTSXP,nalgebra,
0.1.5,IntoR UIntoR,Vec6<i64>,INTSXP,nalgebra,
0.1.5,IntoR UIntoR,Vec6<i32>,INTSXP,nalgebra,
0.1.5,IntoR UIntoR,Vec6<i16>,INTSXP,nalgebra,
0.1.5,IntoR UIntoR,Vec6<i8>,INTSXP,nalgebra,
0.1.5,IntoR UIntoR,Vec6<usize>,INTSXP,nalgebra,
0.1.5,IntoR UIntoR,Vec6<isize>,INTSXP,nalgebra,
0.1.5,IntoR UIntoR,Vec6<f64>,REALSXP,nalgebra,
0.1.5,IntoR UIntoR,Vec6<f32>,REALSXP,nalgebra,
0.1.5,IntoR UIntoR,Vec1<u8>,INTSXP,nalgebra,
0.1.5,IntoR UIntoR,Vec2<u8>,INTSXP,nalgebra,
0.1.5,IntoR UIntoR,Vec3<u8>,INTSXP,nalgebra,
0.1.5,IntoR UIntoR,Vec4<u8>,INTSXP,nalgebra,
0.1.5,IntoR UIntoR,Vec5<u8>,INTSXP,nalgebra,
0.1.5,IntoR UIntoR,Vec6<u8>,INTSXP,nalgebra,
0.1.5,IntoR UIntoR,DVec1<u64>,INTSXP,nalgebra,
0.1.5,IntoR UIntoR,DVec1<u32>,INTSXP,nalgebra,
0.1.5,IntoR UIntoR,DVec1<u16>,INTSXP,nalgebra,
0.1.5,IntoR UIntoR,DVec1<i64>,INTSXP,nalgebra,
0.1.5,IntoR UIntoR,DVec1<i32>,INTSXP,nalgebra,
0.1.5,IntoR UIntoR,DVec1<i16>,INTSXP,nalgebra,
0.1.5,IntoR UIntoR,DVec1<i8>,INTSXP,nalgebra,
0.1.5,IntoR UIntoR,DVec1<usize>,INTSXP,nalgebra,
0.1.5,IntoR UIntoR,DVec1<isize>,INTSXP,nalgebra,
0.1.5,IntoR UIntoR,DVec1<f64>,REALSXP,nalgebra,
0.1.5,IntoR UIntoR,DVec1<f32>,REALSXP,nalgebra,
0.1.5,IntoR UIntoR,DVec2<u64>,INTSXP,nalgebra,
0.1.5,IntoR UIntoR,DVec2<u32>,INTSXP,nalgebra,
0.1.5,IntoR UIntoR,DVec2<u16>,INTSXP,nalgebra,
0.1.5,IntoR UIntoR,DVec2<i64>,INTSXP,nalgebra,
0.1.5,IntoR UIntoR,DVec2<i32>,INTSXP,nalgebra,
0.1.5,IntoR UIntoR,DVec2<i16>,INTSXP,nalgebra,
0.1.5,IntoR UIntoR,DVec2<i8>,INTSXP,nalgebra,
0.1.5,IntoR UIntoR,DVec2<usize>,INTSXP,nalgebra,
0.1.5,IntoR UIntoR,DVec2<isize>,INTSXP,nalgebra,
0.1.5,IntoR UIntoR,DVec2<f64>,REALSXP,nalgebra,
0.1.5,IntoR UIntoR,DVec2<f32>,REALSXP,nalgebra,
0.1.5,IntoR UIntoR,DVec3<u64>,INTSXP,nalgebra,
0.1.5,IntoR UIntoR,DVec3<u32>,INTSXP,nalgebra,
0.1.5,IntoR UIntoR,DVec3<u16>,INTSXP,nalgebra,
0.1.5,IntoR UIntoR,DVec3<i64>,INTSXP,nalgebra,
0.1.5,IntoR UIntoR,DVec3<i32>,INTSXP,nalgebra,
0.1.5,IntoR UIntoR,DVec3<i16>,INTSXP,nalgebra,
0.1.5,IntoR UIntoR,DVec3<i8>,INTSXP,nalgebra,
0.1.5,IntoR UIntoR,DVec3<usize>,INTSXP,nalgebra,
0.1.5,IntoR UIntoR,DVec3<isize>,INTSXP,nalgebra,
0.1.5,IntoR UIntoR,DVec3<f64>,REALSXP,nalgebra,
0.1.5,IntoR UIntoR,DVec3<f32>,REALSXP,nalgebra,
0.1.5,IntoR UIntoR,DVec4<u64>,INTSXP,nalgebra,
0.1.5,IntoR UIntoR,DVec4<u32>,INTSXP,nalgebra,
0.1.5,IntoR UIntoR,DVec4<u16>,INTSXP,nalgebra,
0.1.5,IntoR UIntoR,DVec4<i64>,INTSXP,nalgebra,
0.1.5,IntoR UIntoR,DVec4<i32>,INTSXP,nalgebra,
0.1.5,IntoR UIntoR,DVec4<i16>,INTSXP,nalgebra,
0.1.5,IntoR UIntoR,DVec4<i8>,INTSXP,nalgebra,
0.1.5,IntoR UIntoR,DVec4<usize>,INTSXP,nalgebra,
0.1.5,IntoR UIntoR,DVec4<isize>,INTSXP,nalgebra,
0.1.5,IntoR UIntoR,DVec4<f64>,REALSXP,nalgebra,
0.1.5,IntoR UIntoR,DVec4<f32>,REALSXP,nalgebra,
0.1.5,IntoR UIntoR,DVec5<u64>,INTSXP,nalgebra,
0.1.5,IntoR UIntoR,DVec5<u32>,INTSXP,nalgebra,
0.1.5,IntoR UIntoR,DVec5<u16>,INTSXP,nalgebra,
0.1.5,IntoR UIntoR,DVec5<i64>,INTSXP,nalgebra,
0.1.5,IntoR UIntoR,DVec5<i32>,INTSXP,nalgebra,
0.1.5,IntoR UIntoR,DVec5<i16>,INTSXP,nalgebra,
0.1.5,IntoR UIntoR,DVec5<i8>,INTSXP,nalgebra,
0.1.5,IntoR UIntoR,DVec5<usize>,INTSXP,nalgebra,
0.1.5,IntoR UIntoR,DVec5<isize>,INTSXP,nalgebra,
0.1.5,IntoR UIntoR,DVec5<f64>,REALSXP,nalgebra,
0.1.5,IntoR UIntoR,DVec5<f32>,REALSXP,nalgebra,
0.1.5,IntoR UIntoR,DVec6<u64>,INTSXP,nalgebra,
0.1.5,IntoR UIntoR,DVec6<u32>,INTSXP,nalgebra,
0.1.5,IntoR UIntoR,DVec6<u16>,INTSXP,nalgebra,
0.1.5,IntoR UIntoR,DVec6<i64>,INTSXP,nalgebra,
0.1.5,IntoR UIntoR,DVec6<i32>,INTSXP,nalgebra,
0.1.5,IntoR UIntoR,DVec6<i16>,INTSXP,nalgebra,
0.1.5,IntoR UIntoR,DVec6<i8>,INTSXP,nalgebra,
0.1.5,IntoR UIntoR,DVec6<usize>,INTSXP,nalgebra,
0.1.5,IntoR UIntoR,DVec6<isize>,INTSXP,nalgebra,
0.1.5,IntoR UIntoR,DVec6<f64>,REALSXP,nalgebra,
0.1.5,IntoR UIntoR,DVec6<f32>,REALSXP,nalgebra,
0.1.5,IntoR UIntoR,DVec1<u8>,INTSXP,nalgebra,
0.1.5,IntoR UIntoR,DVec2<u8>,INTSXP,nalgebra,
0.1.5,IntoR UIntoR,DVec3<u8>,INTSXP,nalgebra,
0.1.5,IntoR UIntoR,DVec4<u8>,INTSXP,nalgebra,
0.1.5,IntoR UIntoR,DVec5<u8>,INTSXP,nalgebra,
0.1.5,IntoR UIntoR,DVec6<u8>,INTSXP,nalgebra,
0.1.5,IntoR UIntoR,DMat<u64>,INTSXP,nalgebra,
0.1.5,IntoR UIntoR,DMat<u32>,INTSXP,nalgebra,
0.1.5,IntoR UIntoR,DMat<u16>,INTSXP,nalgebra,
0.1.5,IntoR UIntoR,DMat<i64>,INTSXP,nalgebra,
0.1.5,IntoR UIntoR,DMat<i32>,INTSXP,nalgebra,
0.1.5,IntoR UIntoR,DMat<i16>,INTSXP,nalgebra,
0.1.5,IntoR UIntoR,DMat<i8>,INTSXP,nalgebra,
0.1.5,IntoR UIntoR,DMat<usize>,INTSXP,nalgebra,
0.1.5,IntoR UIntoR,DMat<isize>,INTSXP,nalgebra,
0.1.5,IntoR UIntoR,DMat<f64>,REALSXP,nalgebra,
0.1.5,IntoR UIntoR,DMat<f32>,REALSXP,nalgebra,
0.1.5,IntoR UIntoR,DMat<u8>,INTSXP,nalgebra,
0.1.5,IntoR UIntoR,Mat1<u64>,INTSXP,nalgebra,
0.1.5,IntoR UIntoR,Mat1<u32>,INTSXP,nalgebra,
0.1.5,IntoR UIntoR,Mat1<u16>,INTSXP,nalgebra,
0.1.5,IntoR UIntoR,Mat1<i64>,INTSXP,nalgebra,
0.1.5,IntoR UIntoR,Mat1<i32>,INTSXP,nalgebra,
0.1.5,IntoR UIntoR,Mat1<i16>,INTSXP,nalgebra,
0.1.5,IntoR UIntoR,Mat1<i8>,INTSXP,nalgebra,
0.1.5,IntoR UIntoR,Mat1<usize>,INTSXP,nalgebra,
0.1.5,IntoR UIntoR,Mat1<isize>,INTSXP,nalgebra,
0.1.5,IntoR UIntoR,Mat1<f64>,REALSXP,nalgebra,
0.1.5,IntoR UIntoR,Mat1<f32>,REALSXP,nalgebra,
0.1.5,IntoR UIntoR,Mat2<u64>,INTSXP,nalgebra,
0.1.5,IntoR UIntoR,Mat2<u32>,INTSXP,nalgebra,
0.1.5,IntoR UIntoR,Mat2<u16>,INTSXP,nalgebra,
0.1.5,IntoR UIntoR,Mat2<i64>,INTSXP,nalgebra,
0.1.5,IntoR UIntoR,Mat2<i32>,INTSXP,nalgebra,
0.1.5,IntoR UIntoR,Mat2<i16>,INTSXP,nalgebra,
0.1.5,IntoR UIntoR,Mat2<i8>,INTSXP,nalgebra,
0.1.5,IntoR UIntoR,Mat2<usize>,INTSXP,nalgebra,
0.1.5,IntoR UIntoR,Mat2<isize>,INTSXP,nalgebra,
0.1.5,IntoR UIntoR,Mat2<f64>,REALSXP,nalgebra,
0.1.5,IntoR UIntoR,Mat2<f32>,REALSXP,nalgebra,
0.1.5,IntoR UIntoR,Mat3<u64>,INTSXP,nalgebra,
0.1.5,IntoR UIntoR,Mat3<u32>,INTSXP,nalgebra,
0.1.5,IntoR UIntoR,Mat3<u16>,INTSXP,nalgebra,
0.1.5,IntoR UIntoR,Mat3<i64>,INTSXP,nalgebra,
0.1.5,IntoR UIntoR,Mat3<i32>,INTSXP,nalgebra,
0.1.5,IntoR UIntoR,Mat3<i16>,INTSXP,nalgebra,
0.1.5,IntoR UIntoR,Mat3<i8>,INTSXP,nalgebra,
0.1.5,IntoR UIntoR,Mat3<usize>,INTSXP,nalgebra,
0.1.5,IntoR UIntoR,Mat3<isize>,INTSXP,nalgebra,
0.1.5,IntoR UIntoR,Mat3<f64>,REALSXP,nalgebra,
0.1.5,IntoR UIntoR,Mat3<f32>,REALSXP,nalgebra,
0.1.5,IntoR UIntoR,Mat4<u64>,INTSXP,nalgebra,
0.1.5,IntoR UIntoR,Mat4<u32>,INTSXP,nalgebra,
0.1.5,IntoR UIntoR,Mat4<u16>,INTSXP,nalgebra,
0.1.5,IntoR UIntoR,Mat4<i64>,INTSXP,nalgebra,
0.1.5,IntoR UIntoR,Mat4<i32>,INTSXP,nalgebra,
0.1.5,IntoR UIntoR,Mat4<i16>,INTSXP,nalgebra,
0.1.5,IntoR UIntoR,Mat4<i8>,INTSXP,nalgebra,
0.1.5,IntoR UIntoR,Mat4<usize>,INTSXP,nalgebra,
0.1.5,IntoR UIntoR,Mat4<isize>,INTSXP,nalgebra,
0.1.5,IntoR UIntoR,Mat4<f64>,REALSXP,nalgebra,
0.1.5,IntoR UIntoR,Mat4<f32>,REALSXP,nalgebra,
0.1.5,IntoR UIntoR,Mat5<u64>,INTSXP,nalgebra,
0.1.5,IntoR UIntoR,Mat5<u32>,INTSXP,nalgebra,
0.1.5,IntoR UIntoR,Mat5<u16>,INTSXP,nalgebra,
0.1.5,IntoR UIntoR,Mat5<i64>,INTSXP,nalgebra,
0.1.5,IntoR UIntoR,Mat5<i32>,INTSXP,nalgebra,
0.1.5,IntoR UIntoR,Mat5<i16>,INTSXP,nalgebra,
0.1.5,IntoR UIntoR,Mat5<i8>,INTSXP,nalgebra,
0.1.5,IntoR UIntoR,Mat5<usize>,INTSXP,nalgebra,
0.1.5,IntoR UIntoR,Mat5<isize>,INTSXP,nalgebra,
0.1.5,IntoR UIntoR,Mat5<f64>,REALSXP,nalgebra,
0.1.5,IntoR UIntoR,Mat5<f32>,REALSXP,nalgebra,
0.1.5,IntoR UIntoR,Mat6<u64>,INTSXP,nalgebra,
0.1.5,IntoR UIntoR,Mat6<u32>,INTSXP,nalgebra,
0.1.5,IntoR UIntoR,Mat6<u16>,INTSXP,nalgebra,
0.1.5,IntoR UIntoR,Mat6<i64>,INTSXP,nalgebra,
0.1.5,IntoR UIntoR,Mat6<i32>,INTSXP,nalgebra,
0.1.5,IntoR UIntoR,Mat6<i16>,INTSXP,nalgebra,
0.1.5,IntoR UIntoR,Mat6<i8>,INTSXP,nalgebra,
0.1.5,IntoR UIntoR,Mat6<usize>,INTSXP,nalgebra,
0.1.5,IntoR UIntoR,Mat6<isize>,INTSXP,nalgebra,
0.1.5,IntoR UIntoR,Mat6<f64>,REALSXP,nalgebra,
0.1.5,IntoR UIntoR,Mat6<f32>,REALSXP,nalgebra,
0.1.5,IntoR UIntoR,Mat1<u8>,INTSXP,nalgebra,
0.1.5,IntoR UIntoR,Mat2<u8>,INTSXP,nalgebra,
0.1.5,IntoR UIntoR,Mat3<u8>,INTSXP,nalgebra,
0.1.5,IntoR UIntoR,Mat4<u8>,INTSXP,nalgebra,
0.1.5,IntoR UIntoR,Mat5<u8>,INTSXP,nalgebra,
0.1.5,IntoR UIntoR,Mat6<u8>,INTSXP,nalgebra,
0.1.5,IntoR UIntoR,BigInt,INTSXP,num,
0.1.5,IntoR UIntoR,BigUint,INTSXP,num,
0.1.5,IntoR UIntoR,Vec<BigInt>,INTSXP,num,
0.1.5,IntoR UIntoR,BinaryHeap<BigInt>,INTSXP,num,
0.1.5,IntoR UIntoR,VecDeque<BigInt>,INTSXP,num,
0.1.5,IntoR UIntoR,HashSet<BigInt>,INTSXP,num,
0.1.5,IntoR UIntoR,Vec<BigUint>,INTSXP,num,
0.1.5,IntoR UIntoR,BinaryHeap<BigUint>,INTSXP,num,
0.1.5,IntoR UIntoR,VecDeque<BigUint>,INTSXP,num,
0.1.5,IntoR UIntoR,HashSet<BigUint>,INTSXP,num,
0.1.5,IntoR UIntoR,LinkedList<BigInt>,INTSXP,num,
0.1.5,IntoR UIntoR,BTreeSet<BigInt>,INTSXP,num,
0.1.5,IntoR UIntoR,LinkedList<BigUint>,INTSXP,num,
0.1.5,IntoR UIntoR,BTreeSet<BigUint>,INTSXP,num,
